status_id;status_message;link_name;status_type;status_link;date_published;hour_published;num_reactions;num_comments;num_shares;num_likes;num_loves;num_wows;num_hahas;num_sads;num_angrys;num_special
604876072984693_920342308104733;Cansado de ver o devedor gastando por aí e sem te procurar para negociar a dívida? Proteste!;Pretinho Básico;link;http://atl.clicrbs.com.br/pretinhobasico/2017/08/03/5-reacoes-que-voce-tem-quando-alguem-esta-te-devendo-dinheiro-mas-esta-torrando-tudo/;2017-08-03;10:10:59;4;0;0;4;0;0;0;0;0;0
604876072984693_918867368252227;"De um lado o credor que precisa receber a dívida; do outro o devedor que quer evitar a restrição de crédito. Como resolver? O protesto é a solução!";102.3 FM - A Rádio Light de Porto Alegre;video;https://www.facebook.com/itapemafmrs/videos/10155013679965756/;2017-07-31;13:31:34;9;0;0;8;1;0;0;0;0;0
604876072984693_916692715136359;Tarde de treinamento do protesto online para a equipe do Conselho Regional dos Representantes Comerciais (CORE-RS). O convênio, treinamento e suporte para os órgãos públicos utilizarem a Central de Remessa de Arquivos (CRA) são totalmente gratuitos.;;photo;https://www.facebook.com/protestors/photos/a.606037049535262.1073741828.604876072984693/916692501803047/?type=3;2017-07-27;14:11:08;16;0;3;16;0;0;0;0;0;0
604876072984693_915854308553533;Mediar a relação de credores e devedores em busca da melhor solução para todos os envolvidos. Essa é a missão do protesto:;Minuto do Protesto - Douglas e Raul;video;https://www.facebook.com/protestors/videos/915854308553533/;2017-07-26;09:33:00;18;0;9;18;0;0;0;0;0;0
604876072984693_914891488649815;Cartórios de Protesto na mídia: o aumento do protesto online é destacado pela jornalista Giane Guerra no site da Rádio Gaúcha.;Giane Guerra;link;http://gaucha.clicrbs.com.br/rs/noticia-aberta/giane-guerra-quase-14-milhao-de-dividas-sao-encaminhadas-para-protesto-no-rs-202134.html;2017-07-24;12:25:03;13;0;0;13;0;0;0;0;0;0
604876072984693_914754631996834;Novo totem da Consulta Nacional de Protesto (CNP) passando pelos últimos ajustes. Em breve mais Cartórios irão disponibilizar para a população o terminal para consulta gratuita de CPF e CNPJ.;Timeline Photos;photo;https://www.facebook.com/protestors/photos/a.606037049535262.1073741828.604876072984693/914754631996834/?type=3;2017-07-24;09:39:00;15;0;4;15;0;0;0;0;0;0
604876072984693_912716312200666;Para a terceira edição, o Protesto em Foco pegou a estrada. Em Maquiné e Progresso registramos o início do serviço de protesto nos municípios. Já em Antônio Prado mostramos a participação do Cartório Uberti no Dia da Cidadania. #ProtestoEmFoco;Protesto em Foco - 3ª edição;video;https://www.facebook.com/protestors/videos/912716312200666/;2017-07-21;09:30:07;88;3;21;86;2;0;0;0;0;0
604876072984693_912012095604421;Precisando fazer o devedor se coçar pra pagar aquela dívida? Chegou a hora de protestar!;102.3 FM - A Rádio Light de Porto Alegre;video;https://www.facebook.com/itapemafmrs/videos/10154977932590756/;2017-07-19;08:18:46;11;0;0;11;0;0;0;0;0;0
604876072984693_907087986096832;A cidade mais italiana do Brasil é a segunda parada do Meu Cartório. Antônio Prado ficou conhecida nacionalmente por ser cenário do filme O Quatrilho, indicado ao Oscar em 1996. No município da Serra Gaúcha, a atuação do tabelião Marco Antônio Uberti Gonçalves extrapola a estrutura do cartório e contribui em diversas áreas para o desenvolvimento da comunidade. Nós contamos um pouco desta história:;Meu Cartório - Antônio Prado;video;https://www.facebook.com/protestors/videos/907087986096832/;2017-07-13;08:37:02;451;38;306;428;21;1;1;0;0;0
604876072984693_908146522657645;Minha reação quando acesso a Central de Remessa de Arquivos (CRA) e vejo que as dívidas foram pagas. Descubra você também o protesto online. Saiba mais em www.protestors.com.br.;media.giphy.com;link;https://media.giphy.com/media/fDzM81OYrNjJC/giphy.gif;2017-07-12;12:09:39;22;0;1;20;1;0;1;0;0;0
604876072984693_906909292781368;Os Cartórios são essenciais na vida de todos os cidadãos e a Marcela, tabeliã designada de Nova Roma do Sul, explica um pouco as facilidades oferecidas pelo protesto:;Minuto do Protesto - Marcela Pasuch;video;https://www.facebook.com/protestors/videos/906909292781368/;2017-07-10;09:15:05;48;1;7;48;0;0;0;0;0;0
604876072984693_904502513022046;Com a divulgação na mídia desde o início do ano, os Cartórios de Protesto estabeleceram algumas parcerias. Entre elas está o jornalista Luciano Potter, da Rádio Gaúcha e da Rede Atlântida. Em entrevista para a Revista Protesto, o comunicador tratou sobre a tecnologia e a importância de estarmos atentos aos avanços para acompanhar o mundo atual.;Entrevista: Mudar para evoluir - Luciano Potter;link;http://www.protestors.com.br/noticias/entrevista-mudar-para-evoluir-luciano-potter;2017-07-07;07:54:24;13;1;1;13;0;0;0;0;0;0
604876072984693_904404486365182;A Consulta Nacional de Protesto (CNP) é uma segurança para quem vende e também para quem compra. A ferramenta permite pesquisar gratuitamente se um CPF ou CNPJ está protestado. Veja como utilizar a CNP:;Consulta Nacional de Protesto (CNP);video;https://www.facebook.com/protestors/videos/904404486365182/;2017-07-06;08:57:31;14;0;18;12;2;0;0;0;0;0
604876072984693_903973679741596;A Prefeitura de Porto Alegre é mais um órgão público que passará a contar com as vantagens do protesto. São cada vez mais pessoas, empresas e órgãos públicos descobrindo o jeito mais eficiente de cobrar uma dívida.;Timeline Photos;photo;https://www.facebook.com/protestors/photos/a.606037049535262.1073741828.604876072984693/903973679741596/?type=3;2017-07-05;13:03:02;10;0;2;10;0;0;0;0;0;0
604876072984693_902567716548859;O primeiro semestre passou e a inadimplência comprometeu a saúde financeira do seu negócio? Mude esse panorama no segundo semestre. Utilize o protesto para cobrar os devedores. O nosso site conta com uma seção específica para empresas de todos os portes, detalhando como é protestar diretamente nos Cartórios ou online. Descubra o protesto, o jeito mais eficiente de cobrar uma dívida.;Protesto para empresas;link;http://www.protestors.com.br/para-empresa-privada;2017-07-03;08:54:24;31;1;7;31;0;0;0;0;0;0
604876072984693_900121433460154;Foi intimado pelo Cartório de Protesto e não sabe o que fazer? Fique tranquilo, o Potter e o Rafinha explicam quais os próximos passos. #ProtestodoPretinho;Fui intimado, agora?;video;https://www.facebook.com/protestors/videos/900121433460154/;2017-06-29;13:23:33;44;4;27;41;2;0;1;0;0;0
604876072984693_899071410231823;Cuidado! Se você não possui documentos que comprovem a existência da dívida evite utilizar serviços que permitem “sujar o nome” do devedor. Além de não receber a dívida, você correrá o risco de ter que pagar uma indenização ao devedor. O protesto é o meio de cobrança seguro exatamente por exigir que a dívida  esteja comprovada em um título ou documento.;Timeline Photos;photo;https://www.facebook.com/protestors/photos/a.606037049535262.1073741828.604876072984693/899071410231823/?type=3;2017-06-28;09:05:00;13;0;6;12;1;0;0;0;0;0
604876072984693_897921927013438;Maranhão e Rio Grande do Sul iniciaram uma parceria para a troca de experiências e informações para qualificar a divulgação do protesto. Confira o depoimento do superintendente dos Cartórios de Protesto do Maranhão, Christian Diniz Carvalho. #MinutodoProtesto;Minuto do Protesto - Christian Carvalho;video;https://www.facebook.com/protestors/videos/897921927013438/;2017-06-26;13:23:23;13;0;2;13;0;0;0;0;0;0
604876072984693_895985750540389;"Para alcançar o objetivo de mediar a relação entre credores e devedores, há pessoas que garantem a segurança para todas as partes envolvidas: os tabeliães. 
Vamos percorrer diversas regiões do estado para contar algumas histórias que inspiram pela dedicação, esforço e paixão pelas funções que exercem nos tabelionatos e nas comunidades. 
A nossa primeira parada será na Serra. Conheça a Marcela e Município de Nova Roma do Sul. #MeuCartório";Meu Cartório - Nova Roma do Sul;video;https://www.facebook.com/protestors/videos/895985750540389/;2017-06-23;09:42:55;189;26;76;173;13;1;2;0;0;0
604876072984693_895350557270575;Você sabia que é possível descobrir gratuitamente se um CPF ou CNPJ está protestado? A rapaziada do Pretinho Básico explica. #ProtestodoPretinho;Consulta Nacional de Protesto (CNP);video;https://www.facebook.com/protestors/videos/895350557270575/;2017-06-22;09:31:36;38;5;53;36;1;0;1;0;0;0
604876072984693_894895033982794;Uma empresa fechou e ficou devendo para você? No site da Junta Comercial do Rio Grande do Sul é possível selecionar a opção para mostrar as empresas inativas na hora de fazer a busca. Você pode ter acesso aos dados da empresa mesmo que esteja extinta e entrar em contato diretamente com os sócios.;Timeline Photos;photo;https://www.facebook.com/protestors/photos/a.606037049535262.1073741828.604876072984693/894895033982794/?type=3;2017-06-21;13:31:34;9;0;1;9;0;0;0;0;0;0
604876072984693_894327180706246;A melhor solução para cobrar uma dívida está presente em mais um município do Rio Grande do Sul. O Tabelionato Jost, em Progresso, conta agora com os serviços dos Cartórios de Protesto.;Timeline Photos;photo;https://www.facebook.com/protestors/photos/a.606037049535262.1073741828.604876072984693/894327180706246/?type=3;2017-06-20;13:04:55;111;1;4;110;0;0;0;0;1;0
604876072984693_891957650943199;O início do serviço de protesto em Maquiné é destaque para todo o Litoral Norte do Rio Grande do Sul. Acesse e confira:;Litoral na Rede;link;http://litoralnarede.com.br/index.php/noticiaspin2/12-destaque/1472-servicos-dos-cartorios-de-protesto-sao-oferecidos-em-maquine;2017-06-16;06:51:43;14;0;0;14;0;0;0;0;0;0
604876072984693_890698231069141;Maquiné é mais um município que passa a contar com o protesto como solução para cobrar dívidas. Tem um título ou documento que comprove a dívida? Vá até a Avenida General Osório, 513, sala 7. Para saber mais sobre o protesto acesse www.protestors.com.br.;Timeline Photos;photo;https://www.facebook.com/protestors/photos/a.606037049535262.1073741828.604876072984693/890698231069141/?type=3;2017-06-14;08:20:41;157;1;8;157;0;0;0;0;0;0
604876072984693_889599164512381;Já pensou em cobrar uma dívida pela internet? Os Cartórios de Protesto oferecem mais essa facilidade para você. O Potter e o Rafinha mostram como fazer. #ProtestodoPretinho;Como protestar pela internet;video;https://www.facebook.com/protestors/videos/889599164512381/;2017-06-12;13:04:00;44;0;18;42;2;0;0;0;0;0
604876072984693_886529591486005;A cobrança de dívidas é uma das finalidades do protesto, mas não é a única. A ferramenta é responsável por mediar a relação entre credores e devedores buscando a manutenção de crédito e contribuindo para a economia do país. Tudo feito dentro da lei e com transparência para todos os envolvidos. Conheça mais sobre o protesto em www.protestors.com.br.;Timeline Photos;photo;https://www.facebook.com/protestors/photos/a.606037049535262.1073741828.604876072984693/886529591486005/?type=3;2017-06-07;07:37:47;11;0;1;11;0;0;0;0;0;0
604876072984693_883674648438166;De norte a sul do Brasil, a Consulta Nacional de Protesto é uma grande aliada para vender com segurança. Antes de negociar, pesquise gratuitamente se o CPF ou CNPJ possui protesto e se o cliente é bom pagador. Acesse e conheça a CNP:;www.protestors.com.br;link;http://www.protestors.com.br/consultar-protesto;2017-06-02;14:00:00;16;0;7;16;0;0;0;0;0;0
604876072984693_883512295121068;Com o protesto mais de 65% das dívidas são recuperadas em até três dias úteis. Acesso www.protestors.com.br e saiba mais.;giphy.com;link;https://giphy.com/gifs/3og0IxeHmx2hjS4LSg;2017-06-02;08:51:44;608;3;25;499;11;1;97;0;0;0
604876072984693_882996978505933;A segunda edição do Protesto em Foco está no ar detalhando a participação dos Cartórios de Protesto no XI Encontro Notarial e Registral do Rio Grande do Sul. #ProtestoemFoco;Protesto em Foco - 2ª edição;video;https://www.facebook.com/protestors/videos/882996978505933/;2017-06-01;09:00:42;32;0;13;30;2;0;0;0;0;0
604876072984693_882444021894562;Os contratos são documentos que podem ser encaminhados para protesto. Elabore um demonstrativo especificando os valores devidos como, por exemplo, as prestações em atraso e outros itens estipulados no contrato: multas, juros, correção monetária e demais encargos. Depois disso, é só comparecer no Cartório de Protesto mais próximo. Descubra mais sobre o protesto em www.protestors.com.br.;Timeline Photos;photo;https://www.facebook.com/protestors/photos/a.606037049535262.1073741828.604876072984693/882444021894562/?type=3;2017-05-31;15:02:33;10;0;3;10;0;0;0;0;0;0
604876072984693_878260525646245;Não são apenas empresas e órgãos públicos que podem recuperar recursos através do protesto. Se você é profissional liberal (médico, arquiteto, engenheiro, dentista, por exemplo) ou autônomo, o protesto também é seu aliado. Para protestar é necessário apenas um documento ou título que comprove a dívida e ter o endereço atualizado do devedor. Precisa de orientações ou tirar alguma dúvida? Acesse www.protestors.com.br ou entre em contato pelo e-mail contato@protestors.com.br.;Timeline Photos;photo;https://www.facebook.com/protestors/photos/a.606037049535262.1073741828.604876072984693/878260525646245/?type=3;2017-05-24;15:13:58;104;1;10;104;0;0;0;0;0;0
604876072984693_877620645710233;Como cobrar uma dívida sem entrar em conflito com o credor? Esse é o foco das matérias dos jornais Zero Hora e Diário Gaúcho desta terça-feira que destacam o protesto como uma das melhores alternativas para a cobrança de dívidas.;Photos from Cartórios de Protesto RS's post;photo;https://www.facebook.com/protestors/photos/a.606037049535262.1073741828.604876072984693/877620485710249/?type=3;2017-05-23;14:38:00;23;0;13;23;0;0;0;0;0;0
604876072984693_877533812385583;Não há outra alternativa: o melhor lugar para cobrar é no Cartório de Protesto. Conheça mais em www.protestors.com.br.;Cartórios de Protesto - Prorrogação;video;https://www.facebook.com/protestors/videos/877533812385583/;2017-05-23;09:54:00;88;4;21;84;2;0;2;0;0;0
604876072984693_874741352664829;Os Cartórios de Protesto do RS são destaque no Jornal do Protesto. A publicação do Instituto de Protesto do estado de São Paulo destaca a recuperação de recursos públicos através da Central de Remessa de Arquivos (CRA).;Timeline Photos;photo;https://www.facebook.com/protestors/photos/a.606037049535262.1073741828.604876072984693/874741352664829/?type=3;2017-05-18;14:35:30;26;0;11;26;0;0;0;0;0;0
604876072984693_874650102673954;Um e-mail, trocas de mensagens no WhatsApp ou um caderninho com anotações. Mesmo que o devedor reconheça a existência da dívida, esses três exemplos não servem como título ou documento para serem protestados. Sempre que prestar um serviço ou realizar uma venda, procure documentar a transação para que você possa cobrar através dos Cartórios de Protesto. Descubra mais sobre jeito mais eficiente de cobrar uma dívida em www.protestors.com.br.;Timeline Photos;photo;https://www.facebook.com/protestors/photos/a.606037049535262.1073741828.604876072984693/874650102673954/?type=3;2017-05-18;12:12:14;101;1;10;100;0;0;0;1;0;0
604876072984693_873376502801314;Tem uma dívida antiga e não sabe mais como cobrar? Proteste! Saiba mais em www.protestors.com.br.;giphy.com;link;https://giphy.com/gifs/l1BgRhP11FxdMP5mg;2017-05-16;08:44:38;19;1;3;19;0;0;0;0;0;0
604876072984693_870404153098549;O protesto não é destinado apenas para cobrar dívidas. O grande objetivo da ferramenta é mediar a relação entre credor e devedor para manter a pontualidade dos negócios, oferecendo ao devedor um prazo de 3 dias úteis para negociar a dívida e evitar as restrições de crédito. Quer saber mais sobre o protesto? Acesse www.protestors.com.br.;Timeline Photos;photo;https://www.facebook.com/protestors/photos/a.606037049535262.1073741828.604876072984693/870404153098549/?type=3;2017-05-11;08:17:16;9;0;3;9;0;0;0;0;0;0
604876072984693_869199926552305;Com o protesto mais de 65% das dívidas são recuperadas em até 3 dias úteis. Para você entender melhor: o prazo começa quando o devedor recebe a intimação do Cartório. O período é uma oportunidade para procurar o credor para negociar ou pagando o boleto entregue junto com a intimação e evitar o protesto. Mas se após os 3 dias úteis não ocorrer o acerto entre as partes, o protesto terá início trazendo uma série de limitações para o devedor. Conheça mais em www.protestors.com.br.;Timeline Photos;photo;https://www.facebook.com/protestors/photos/a.606037049535262.1073741828.604876072984693/869199926552305/?type=3;2017-05-09;06:33:49;107;1;12;107;0;0;0;0;0;0
604876072984693_867154543423510;Com o protesto é grande a chance de você receber a dívida em poucos dias. Saiba mais em www.protestors.com.br.;giphy.com;link;https://giphy.com/gifs/3ohze2Of0cpQPeRlhS;2017-05-05;11:57:43;20;0;10;18;0;0;2;0;0;0
604876072984693_863989677073330;Acrílicos com folderes prontos para serem entregues aos Cartórios de Protesto que estão participando XI Encontro Notarial e Registral.;Timeline Photos;photo;https://www.facebook.com/protestors/photos/a.606037049535262.1073741828.604876072984693/863989677073330/?type=3;2017-04-29;14:13:44;33;2;4;31;2;0;0;0;0;0
604876072984693_863455903793374;Convidado pelos Cartórios de Protesto, o jornalista Luciano Potter fala sobre a importância da tecnologia em nossas vidas durante o XI Encontro Notarial e Registral.;Timeline Photos;photo;https://www.facebook.com/protestors/photos/a.606037049535262.1073741828.604876072984693/863455903793374/?type=3;2017-04-28;16:07:02;18;0;5;18;0;0;0;0;0;0
604876072984693_862710500534581;Já vendeu, já trabalhou, mas receber tá complicado? Ouça o nosso jingle e confira se você também está na mesma situação.;Vamos se coçar, malandragem!;video;https://www.youtube.com/watch?v=0DB2if8eH2k&feature=youtu.be;2017-04-27;08:57:02;14;2;0;13;1;0;0;0;0;0
604876072984693_861673367304961;Os Cartórios de Protesto do RS contam com mais um canal de comunicação: o Protesto em Foco. A primeira edição traz detalhes do encontro Protesto em Pauta e da participação na FIMMA, em Bento Gonçalves. #ProtestoemFoco;Protesto em Foco - 1ª edição;link;https://www.youtube.com/watch?v=juyKFtiV4Xw;2017-04-25;08:15:26;23;0;7;23;0;0;0;0;0;0
604876072984693_859028740902757;"9 verdades e 1 mentira:

1 – estamos há séculos cumprindo uma função social: mediar a relação entre credores e devedores para a pontualidade dos negócios.
2 – garantimos que tudo seja feito dentro da lei e com transparência para todos os envolvidos.
3 – recuperamos gratuitamente créditos para Prefeituras, procuradorias, conselhos de classe e qualquer órgão público ou autarquia.
4 – agora você nem precisa sair de casa para protestar.
5 – informamos o devedor sobre a existência da dívida, oferecendo a oportunidade de evitar a restrição de crédito.
6 – recuperamos créditos com o menor custo do mercado.
7 – somos uma multinacional sem fé pública que comercializa informações de crédito.
8 – qualquer um pode utilizar nossos serviços: pessoas físicas e jurídicas, profissionais liberais, empresas de todos os portes, órgãos públicos, entidades de classe.
9 – nossa atuação contribui para diminuir o número de processos na Justiça.
10 – resolvemos mais de 65% das dívidas em até três dias úteis.";;status;;2017-04-20;13:07:31;30;6;13;26;3;0;1;0;0;0
604876072984693_857877624351202;O protesto em Cartório nunca caduca. Após cinco anos da data de inclusão do Cartório nos órgãos de proteção ao crédito, a dívida não constará no seu nome quando ele for consultado. Mas o protesto continua lavrado no Cartório, constando os títulos inadimplentes. Com o protesto fica estabelecida uma ligação entre credor e devedor que só termina de uma maneira: com o pagamento da dívida.;Timeline Photos;photo;https://www.facebook.com/protestors/photos/a.606037049535262.1073741828.604876072984693/857877624351202/?type=3;2017-04-18;12:32:59;55;3;51;53;2;0;0;0;0;0
604876072984693_854067294732235;O protesto é um grande aliado dos órgãos públicos. As prefeituras podem utilizar gratuitamente o protesto para recuperar os tributos em atraso, como o IPTU. Isso mesmo: sua cidade pode aumentar a arrecadação para investimentos em saúde, educação e segurança. Se você paga em dia seus tributos, cobre da sua Prefeitura a adesão ao protesto. Se precisar de mais informações entre em contato que nós auxiliamos.;Timeline Photos;photo;https://www.facebook.com/protestors/photos/a.606037049535262.1073741828.604876072984693/854067294732235/?type=3;2017-04-13;12:29:26;13;1;7;13;0;0;0;0;0;0
604876072984693_853497011455930;Mais informações sobre o protesto em todo o Rio Grande do Sul! Nesta semana iniciamos o envio de materiais informativos sobre o protesto para os 291 Cartórios do estado. Roca Sales e São Lourenço do Sul já receberam e compartilharam as fotos com a gente.;Timeline Photos;photo;https://www.facebook.com/protestors/photos/a.606037049535262.1073741828.604876072984693/853497011455930/?type=3;2017-04-12;14:42:26;20;1;9;18;2;0;0;0;0;0
604876072984693_848669115272053;Na semana que o Tabelionato Fischer completa 90 anos, quem recebe o presente é a população de Novo Hamburgo. Quem for até o Cartório, localizado rua Julio de Castilhos, nº 419, poderá consultar gratuitamente se um CPF ou CNPJ está protestado.;Timeline Photos;photo;https://www.facebook.com/protestors/photos/a.606037049535262.1073741828.604876072984693/848669115272053/?type=3;2017-04-05;07:44:37;245;3;10;240;5;0;0;0;0;0
604876072984693_847479842057647;Para ajudar você ou a sua empresa a cobrar as dívidas detalhamos todos os documentos e títulos que podem ser protestados. Acesse e confira! Se ficar com alguma dúvida é só comentar no post que nós auxiliamos.;Saiba tudo sobre os documentos que podem ser protestados;link;http://www.protestors.com.br/noticias/conheca-os-documentos-que-podem-ser-protestados;2017-04-03;12:27:31;656;13;94;648;3;1;0;0;0;4
604876072984693_845739422231689;Último dia de FIMMA. Durante os quatro dias da feira centenas de pessoas procuraram nosso estande para tirar as mais variadas dúvidas sobre o protesto.;Timeline Photos;photo;https://www.facebook.com/protestors/photos/a.606037049535262.1073741828.604876072984693/845739422231689/?type=3;2017-03-31;15:09:41;19;0;3;19;0;0;0;0;0;0
604876072984693_839772979495000;Se você receber um telefonema ou e-mail informando sobre um título ou documento protestado em seu nome e oferecendo a oportunidade de negociar através de depósito ou transferência, fique atento: é golpe. Para sua segurança, entre em contato com o Cartório de Protesto do seu município.;Timeline Photos;photo;https://www.facebook.com/protestors/photos/a.606037049535262.1073741828.604876072984693/839772979495000/?type=3;2017-03-31;12:00:07;18;0;7;18;0;0;0;0;0;0
604876072984693_839772382828393;"Antes de efetuar uma venda a prazo, alugar um imóvel ou conceder crédito a alguém, você pode consultar se o comprador ou pessoa que solicita o crédito possui algum protesto em seu nome. A pesquisa gratuita é feita sem qualquer tipo de cadastro, o que garante mais segurança e praticidade na consulta. 
Saiba mais em protestors.com.br/consultar-protesto";Timeline Photos;photo;https://www.facebook.com/protestors/photos/a.606037049535262.1073741828.604876072984693/839772382828393/?type=3;2017-03-29;12:00:00;12;0;9;12;0;0;0;0;0;0
604876072984693_843961362409495;Os Cartórios de Protesto estão na FIMMA Brasil! Até sexta-feira a nossa equipe estará em Bento Gonçalves apresentando o protesto para os participantes da feira de negócios do setor moveleiro.;Timeline Photos;photo;https://www.facebook.com/protestors/photos/a.606037049535262.1073741828.604876072984693/843961362409495/?type=3;2017-03-28;14:11:32;33;1;3;31;2;0;0;0;0;0
604876072984693_839763182829313;Depois de alguns anos esperando uma sentença judicial a decisão foi favorável, mas mesmo assim você não consegue receber? É o momento de protestar! Com a ferramenta é possível antecipar o pagamento da dívida, poupar tempo e honorários e desafogar judiciário. Solicite a certidão da sentença, que é fornecida pela Secretaria do Juízo onde ocorreu. Mas lembre-se: o protesto só é possível para as sentenças judiciais transitadas em julgado, ou seja, que não se pode mais recorrer por já ter passado por todos os recursos possíveis.;Timeline Photos;photo;https://www.facebook.com/protestors/photos/a.606037049535262.1073741828.604876072984693/839763182829313/?type=3;2017-03-27;13:03:04;16;0;9;16;0;0;0;0;0;0
604876072984693_839768576162107;Utilizar o protesto para cobrar dívidas é só alegria!;giphy.com;link;http://giphy.com/gifs/xUPGcoJ64TofpVxEGc;2017-03-24;11:42:55;34;3;7;26;1;0;7;0;0;0
604876072984693_840992589373039;Chega de esperar uma decisão da Justiça. Utilize o protesto para cobrar suas dívidas!;;video;https://www.facebook.com/protestors/videos/840992589373039/;2017-03-23;09:47:25;18;5;11;16;0;0;2;0;0;0
604876072984693_839767539495544;Oito anos é o tempo médio que uma cobrança financeira leva para ser julgada na Justiça. Você não vai esperar todo esse tempo, né? Por isso, antes de entrar na Justiça, utilize o protesto para cobrar uma dívida: mais de 65% são resolvidas em até três dias úteis. Conheça você também o protesto: acesse www.protestors.com.br.;Timeline Photos;photo;https://www.facebook.com/protestors/photos/a.606037049535262.1073741828.604876072984693/839767539495544/?type=3;2017-03-21;12:00:31;59;0;20;59;0;0;0;0;0;0
604876072984693_839245132881118;O sábado marcou a realização da primeira edição do Protesto em Pauta. No Galpão Crioulo, em Porto Alegre, mais de 150 representantes de 43 Cartórios participaram do evento e debateram sobre diversas questões para o crescimento do protesto no Rio Grande do Sul.;Photos from Cartórios de Protesto RS's post;photo;https://www.facebook.com/protestors/photos/a.606037049535262.1073741828.604876072984693/839245022881129/?type=3;2017-03-20;08:27:38;36;7;5;34;2;0;0;0;0;0
604876072984693_832544810217817;O dia não poderia terminar sem a nossa homenagem para as mulheres que fazem parte do nosso dia a dia. Parabéns pelo Dia Internacional da Mulher!;Timeline Photos;photo;https://www.facebook.com/protestors/photos/a.606037049535262.1073741828.604876072984693/832544810217817/?type=3;2017-03-08;15:33:35;41;3;1;35;6;0;0;0;0;0
604876072984693_832513613554270;Se você fez um empréstimo para alguém, com certeza já teve algumas dessas reações.;6 coisas que você faz quando alguém está te devendo | Pretinho Básico;link;http://atl.clicrbs.com.br/pretinhobasico/2017/02/22/6-coisas-que-voce-faz-quando-alguem-esta-te-devendo/;2017-03-08;13:57:34;8;0;3;8;0;0;0;0;0;0
604876072984693_829173120554986;A população de Gramado já pode consultar gratuitamente se um CPF ou CNPJ está protestado. O totem da Consulta Nacional de Protesto já está instalado no Cartório Menezes, localizado na Avenida das Hortênsias, 1287.;Cartório de Gramado recebe totem para Consulta Nacional de Protesto;link;http://www.protestors.com.br/noticias/cartorio-de-gramado-recebe-totem-para-consulta-nacional-de-protesto;2017-03-02;09:45:02;353;11;37;345;3;4;0;1;0;0
604876072984693_825343960937902;De um lado, empresas com dívidas a serem recebidas. De outro, vencimentos a serem honrados. Veja quem conseguiu superar esse desafio.;Protesto-RS - Exemplos de sucesso: empresas que apostam no protesto na recuperação de dívidas;link;http://www.protestors.com.br/noticias/exemplos-de-sucesso-empresas-que-apostam-no-protesto-na-recuperacao-de-dividas;2017-02-22;13:05:18;436;0;19;434;2;0;0;0;0;0
604876072984693_821064221365876;Os totens da Consulta Nacional de Protesto seguem invadindo o Rio Grande de Sul! A população de Caxias do Sul pode pesquisar gratuitamente se um CPF ou CNPJ está protestado. O terminal está à disposição no Cartório de Protesto, localizado na rua Bento Gonçalves, 1901.;Timeline Photos;photo;https://www.facebook.com/protestors/photos/a.606037049535262.1073741828.604876072984693/821064221365876/?type=3;2017-02-15;06:53:24;291;3;48;286;2;3;0;0;0;0
604876072984693_820546784750953;O protesto é a maneira mais rápida e eficiente para cobrar uma dívida. Quer entender como funciona? Confira:;Você sabe o que é um Cartório de Protesto?;video;https://www.facebook.com/protestors/videos/820546784750953/;2017-02-14;07:31:21;181;15;264;176;5;0;0;0;0;0
604876072984693_817210998417865;Os totens da Consulta Nacional de Protesto estão tomando conta do Rio Grande do Sul. Erechim é mais um município que proporciona para a população a pesquisa gratuita para verificar se o CPF ou CNPJ está protestado.;Cartório de Erechim recebe totem para Consulta Nacional de Protesto;link;http://www.protestors.com.br/noticias/cartorio-de-erechim-recebe-totem-para-consulta-nacional-de-protesto;2017-02-08;12:45:22;204;9;28;202;1;1;0;0;0;0
604876072984693_816483728490592;Uma viagem, ótimas recordações e muitos presentes na bagagem. Mas alguém parece que não ficou muito satisfeita com o que recebeu.;Cartórios de Protesto RS - Presente de grego;video;https://www.facebook.com/protestors/videos/816483728490592/;2017-02-07;10:27:01;185;2;45;180;5;0;0;0;0;0
604876072984693_814469845358647;Sua empresa está enfrentando problemas financeiros devido à inadimplência? O protesto é um grande aliado na cobrança de dívidas. Confira:;Protesto-RS - Melhore o fluxo de caixa da sua empresa com o protesto;link;http://www.protestors.com.br/noticias/melhore-o-fluxo-de-caixa-da-sua-empresa-com-o-protesto;2017-02-03;14:26:12;424;0;13;422;2;0;0;0;0;0
604876072984693_812729702199328;Está querendo ganhar uma moral com o seu chefe? Apresente o protesto como solução para cobrar os devedores! Além do melhor custo-benefício do mercado, é grande a possibilidade de recuperar a dívida em curto prazo: mais de 65% dos títulos e documentos encaminhados para protesto são resolvidos em até 3 dias úteis. Saiba mais em www.protestors.com.br.;Timeline Photos;photo;https://www.facebook.com/protestors/photos/a.606037049535262.1073741828.604876072984693/812729702199328/?type=3;2017-01-31;14:14:00;57;1;14;56;1;0;0;0;0;0
604876072984693_810533069085658;Foi protestado e nem imagina por quem? A intimação traz todos os dados do credor, mas se você não tiver ela em mãos, faça a pesquisa na Consulta Nacional de Protesto, descubra em qual Cartório está o protesto e solicite uma certidão positiva. Saiba tudo sobre o protesto em www.protestors.com.br.;giphy.com;link;http://giphy.com/gifs/26xBF8L1y9PMgXJEQ;2017-01-27;13:06:58;25;1;5;22;0;0;3;0;0;0
604876072984693_810407792431519;Mais um município conta com o totem de Consulta Nacional de Protesto (CNP)! A população de Uruguaiana pode pesquisar gratuitamente se o CPF ou CNPJ está protestado. O totem já está instalado no Cartório da cidade, localizado na Rua Tiradentes, 2488.;Cartório de Uruguaiana recebe totem para Consulta Nacional de Protesto;link;http://www.protestors.com.br/noticias/cartorio-de-uruguaiana-recebe-totem-para-consulta-nacional-de-protesto;2017-01-27;08:01:21;372;3;32;363;6;3;0;0;0;0
604876072984693_809413722530926;Após receber a intimação, você terá até três dias úteis para efetuar o pagamento do boleto entregue junto com a intimação e os devidos emolumentos ou procurar o credor para quitar a dívida. Na intimação estão identificados o credor do título ou documento de dívida e o Cartório onde foi registrado o protesto.;Cartórios de Protesto RS;link;http://www.protestors.com.br/para-voce;2017-01-25;14:01:22;13;0;5;13;0;0;0;0;0;0
604876072984693_808618702610428;Em todos os cantos do Rio Grande do Sul há um Cartório de Protesto! São 291 tabelionatos que abrangem os 497 municípios gaúchos. Clique e descubra qual o Cartório mais próximo de você.;Encontre um Cartório de Protesto;link;http://www.protestors.com.br/encontre-um-cartorio-de-protesto;2017-01-24;11:36:00;12;0;3;12;0;0;0;0;0;0
604876072984693_805913222880976;A Itapema FM RS publicou uma matéria com a história da música Dívida, da Ultramen, e nós suspeitamos que o protesto foi a inspiração. Confira:;"Lembra da música ""Dívida"" do Ultramen? Conheça a história por trás da letra - Blog da Itapema";link;http://itapemafm.clicrbs.com.br/blogdaitapema/2017/01/20/lembra-da-musica-divida-do-ultramen-conheca-a-historia-por-tras-da-letra/;2017-01-20;13:08:00;18;0;1;18;0;0;0;0;0;0
604876072984693_805800552892243;Sua empresa está com problema de caixa por causa dos devedores? Proteste! Não deixa a inadimplência acabar com seu negócio. Saiba mais em www.protestors.com.br. Lugar de cobrar dívida é no Cartório de Protesto.;giphy.com;link;http://giphy.com/gifs/26gsolUC4QWT1ImCA;2017-01-20;07:41:44;23;0;4;22;1;0;0;0;0;0
604876072984693_804235359715429;Conheça o novo site dos Cartórios de Protesto do RS! Acesse www.protestors.com.br e descubra o protesto, o jeito mais eficiente de cobrar uma dívida.;Timeline Photos;photo;https://www.facebook.com/protestors/photos/a.606037049535262.1073741828.604876072984693/804235359715429/?type=3;2017-01-17;12:52:30;20;2;6;20;0;0;0;0;0;0
604876072984693_803766859762279;Lugar de cobrar dívida é no Cartório de Protesto. Com esse slogan, começamos hoje a campanha de divulgação dos Cartórios de Protesto nas principais rádios do Rio Grande do Sul. Confira como foi a primeira inserção dos Cartórios de Protesto no programa Pretinho Básico, da Rede Atlântida:;;video;https://www.facebook.com/protestors/videos/803766859762279/;2017-01-16;14:30:50;34;6;24;31;3;0;0;0;0;0
604876072984693_802209126584719;Lugar de cobrar dívida é no Cartório de Protesto: mais de 65% dos títulos e documentos encaminhados para protesto são resolvidos em até 3 dias úteis. Saiba mais em www.protestors.com.br.;Lugar de cobrar dívida é no Cartório de Protesto;video;https://www.facebook.com/protestors/videos/802209126584719/;2017-01-14;11:58:00;272;8;145;260;5;1;6;0;0;0
604876072984693_801506379988327;A AGU Advocacia-Geral da União preparou um vídeo bem legal pra explicar como é o protesto. Confira:;AGU Advocacia-Geral da União;video;https://www.facebook.com/agubrasil/videos/10155210703874587/;2017-01-12;07:16:38;12;1;0;12;0;0;0;0;0;0
604876072984693_800380873434211;A caixa de Ano Novo chegou ao Cartório de Protesto de São Martinho e a Denise e a Greice já começaram a utilizar a agenda e o calendário anti-stress!;Timeline Photos;photo;https://www.facebook.com/protestors/photos/a.606037049535262.1073741828.604876072984693/800380873434211/?type=3;2017-01-10;07:20:31;25;1;0;24;1;0;0;0;0;0
604876072984693_799995600139405;Qualquer documento ou título de dívida que comprove a inadimplência pode ser encaminhado para protesto: nota promissória, duplicatas, cheque, confissão de dívida, conta de prestação de serviços, contratos de compra e venda, sentença judicial, termo de acordo, contrato de aluguel, cota condominial, etc. Conheça o protesto, o jeito mais eficiente de cobrar uma dívida: www.protestors.com.br.;Timeline Photos;photo;https://www.facebook.com/protestors/photos/a.606037049535262.1073741828.604876072984693/799995600139405/?type=3;2017-01-09;12:10:32;19;0;3;19;0;0;0;0;0;0
604876072984693_797465767059055;Proteste antes de cobrar uma dívida judicialmente! Essa é a melhor maneira de agir e evitar a longa espera de uma decisão judicial. Com o protesto mais de 65% das dívidas são recuperadas em até três dias úteis. Além disso, você ajuda a desafogar o Poder Judiciário e utiliza um meio de cobrança que respeita os direitos dos credores e devedores. Saiba mais em www.protestors.com.br.;giphy.com;link;http://giphy.com/gifs/protesto-dvida-cobrana-l3vRf8Kj31ZWGo1HO;2017-01-06;07:45:48;597;3;23;584;3;1;9;0;0;0
604876072984693_797463720392593;Os 291 Cartórios de Protesto do RS receberão em breve uma surpresa especial para começar bem o ano!;Timeline Photos;photo;https://www.facebook.com/protestors/photos/a.606037049535262.1073741828.604876072984693/797463720392593/?type=3;2017-01-05;07:42:42;22;0;2;19;2;1;0;0;0;0
604876072984693_793127600826205;Um novo ano repleto de avanços, conquistas, alegrias e muita paz é o nosso desejo! Para os Cartórios de Protesto do Rio Grande do Sul, 2017 é o ano!;Timeline Photos;photo;https://www.facebook.com/protestors/photos/a.606037049535262.1073741828.604876072984693/793127600826205/?type=3;2016-12-31;12:43:01;2;0;0;2;0;0;0;0;0;0
604876072984693_793127437492888;Aproveite o novo ano para organizar sua vida financeira. O primeiro passo é fazer um diagnóstico, que demonstrará como estão seus gastos e permitirá definir as prioridades e quais despesas precisam ser reduzidas. A criação de uma planilha detalhando as receitas e despesas é uma ótima alternativa. Mantenha as finanças em dia para garantir sua tranquilidade em 2017!;Timeline Photos;photo;https://www.facebook.com/protestors/photos/a.606037049535262.1073741828.604876072984693/793127437492888/?type=3;2016-12-28;08:42:01;7;0;1;7;0;0;0;0;0;0
604876072984693_792170317588600;O ano está terminando com mais uma ótima notícia! A FACCAT, faculdade do Vale do Paranhana e Região das Hortênsias, assinou convênio para protestar através da Central de Remessa de Arquivos (CRA). É a primeira instituição de ensino que utilizará o sistema no Rio Grande do Sul!;Timeline Photos;photo;https://www.facebook.com/protestors/photos/a.606037049535262.1073741828.604876072984693/792170317588600/?type=3;2016-12-26;08:46:00;11;0;1;11;0;0;0;0;0;0
604876072984693_790565071082458;"Natal é tempo de paz, alegria e fraternidade! Que este clima seja a inspiração para que construirmos um mundo melhor para todos. 
Feliz Natal!";Timeline Photos;photo;https://www.facebook.com/protestors/photos/a.606037049535262.1073741828.604876072984693/790565071082458/?type=3;2016-12-24;13:00:00;9;0;0;7;2;0;0;0;0;0
604876072984693_789143671224598;O Cartório de Alvorada preparou um espaço especial para a Consulta Nacional de Protesto. O totem foi colocado junto ao terminal de retirada da senha para atendimento, garantindo a visibilidade para todos que acessam ao tabelionato.;Timeline Photos;photo;https://www.facebook.com/protestors/photos/a.606037049535262.1073741828.604876072984693/789143671224598/?type=3;2016-12-20;06:50:15;9;0;0;7;2;0;0;0;0;0
604876072984693_784775981661367;Tupanciretã é mais um município que conta com o totem da Consulta Nacional de Protesto (CNP). O terminal será colocado em locais com grande fluxo de pessoas e estará na agência do Banco do Brasil durante os próximos dias.;Timeline Photos;photo;https://www.facebook.com/protestors/photos/a.606037049535262.1073741828.604876072984693/784775981661367/?type=3;2016-12-12;11:03:36;180;1;9;180;0;0;0;0;0;0
604876072984693_781460455326253;Encontro entre IEPRO e Corregedoria Geral de Justiça debate questões para melhorias do protesto no Rio Grande do Sul.;Timeline Photos;photo;https://www.facebook.com/protestors/photos/a.606037049535262.1073741828.604876072984693/781460455326253/?type=3;2016-12-07;13:32:35;10;0;0;10;0;0;0;0;0;0
604876072984693_781260938679538;IEPRO na mídia: o crescimento do protesto no Rio Grande do Sul em 2016 é notícia nesta quarta-feira na coluna + Economia da Zero Hora.;Timeline Photos;photo;https://www.facebook.com/protestors/photos/a.606037049535262.1073741828.604876072984693/781260938679538/?type=3;2016-12-07;07:16:17;11;0;9;11;0;0;0;0;0;0
604876072984693_780607628744869;Venda com a certeza de receber! Utilize a Consulta Nacional de Protestos (CNP) e verifique se o seu potencial cliente é bom pagador. Baixe o aplicativo Pesquisa de Protesto no Google Play ou Apple Store, insira o CPF ou CNPJ, selecione o estado em que a consulta será feita e o resultado aparecerá na tela. É fácil, rápido e gratuita!;Timeline Photos;photo;https://www.facebook.com/protestors/photos/a.606037049535262.1073741828.604876072984693/780607628744869/?type=3;2016-12-06;05:46:24;7;0;6;7;0;0;0;0;0;0
604876072984693_776268615845437;Totens da Consulta Nacional de Protesto (CNP) sendo preparados para serem enviados aos Cartórios de Protesto do Rio Grande do Sul. Os terminais possibilitam a pesquisa gratuita de CPF e CNPJ para verificar a existência de protestos. Tecnologia a serviço da população!;Timeline Photos;photo;https://www.facebook.com/protestors/photos/a.606037049535262.1073741828.604876072984693/776268615845437/?type=3;2016-11-29;12:48:10;252;5;22;246;5;1;0;0;0;0
604876072984693_773510909454541;A alegria de quem está terminando o mês no azul e vai poder fazer umas comprinhas no Black Friday! Mas tome cuidado para não estourar o orçamento e o que era felicidade se tornar uma grande tristeza!;giphy.com;link;http://giphy.com/gifs/3oz8xLW0kN5rXVr5ug;2016-11-25;07:20:55;4;0;0;4;0;0;0;0;0;0
604876072984693_772867696185529;Está se preparando para o Black Friday e as vendas de final de ano? Antes de fechar negócio pesquise o CPF ou CNPJ na Consulta Nacional de Protesto. Acesse www.protestors.com.br, faça a consulta gratuitamente e venda com a certeza de receber!;Timeline Photos;photo;https://www.facebook.com/protestors/photos/a.606037049535262.1073741828.604876072984693/772867696185529/?type=3;2016-11-24;06:56:01;26;0;4;26;0;0;0;0;0;0
604876072984693_772143612924604;A entrega do totem da Consulta Nacional de Protesto para Alvorada está em destaque no O Alvoradense. O terminal, que já está em funcionamento logo na entrada do Cartório do município (Avenida Presidente Getúlio Vargas, 1070), possibilita para a população a pesquisa gratuita que verifica se um CPF ou CNPJ está protestado em todo o território nacional.;O Alvoradense;link;http://bit.ly/2gigMIE;2016-11-23;06:24:37;7;1;0;7;0;0;0;0;0;0
604876072984693_768837093255256;Se você tem uma dívida para receber baseada em um título ou documento, você pode protestar. Isso mesmo: qualquer pessoa pode protestar! Utilize o protesto para receber o valor de um cheque, de uma nota promissória, de um contrato de aluguel e da venda de bens móveis ou imóveis. Saiba mais www.protestors.com.br;Timeline Photos;photo;https://www.facebook.com/protestors/photos/a.606037049535262.1073741828.604876072984693/768837093255256/?type=3;2016-11-21;07:36:30;7;0;1;7;0;0;0;0;0;0
604876072984693_769457823193183;Sexta-feira duplamente especial! No Dia Nacional do Notário e Registrador começamos a entrega dos totens da Consulta Nacional de Protesto (CNP). O Cartório de Alvorada foi o primeiro a receber o terminal que proporciona para a população a pesquisa gratuita de CPF e CNPJ.;Timeline Photos;photo;https://www.facebook.com/protestors/photos/a.606037049535262.1073741828.604876072984693/769457823193183/?type=3;2016-11-18;13:49:53;164;2;6;160;4;0;0;0;0;0
604876072984693_768328453306120;Quando se encaminha uma dívida para protesto são grandes as possibilidades de recebê-la em poucos dias: mais de 65% são resolvidas em até três dias úteis. O protesto também demonstra respeito pelos seus devedores ao utilizar um meio oficial de cobrança, previsto em lei e fiscalizado pelos órgãos públicos.;Timeline Photos;photo;https://www.facebook.com/protestors/photos/a.606037049535262.1073741828.604876072984693/768328453306120/?type=3;2016-11-16;12:20:31;6;0;1;6;0;0;0;0;0;0
604876072984693_765045816967717;O Supremo Tribunal Federal (STF) finalizou nesta quarta-feira o julgamento da ação que questionava a utilização do protesto para a cobrança de certidões de dívida ativa (CDA). O Supremo entendeu que a utilização do protesto pela Fazenda Pública para promover a cobrança extrajudicial é constitucional e legítima.;Protesto extrajudicial de certidões de dívida ativa é constitucional;link;http://www.conjur.com.br/2016-nov-09/protesto-extrajudicial-certidoes-divida-ativa-constitucional;2016-11-10;08:45:55;5;0;9;5;0;0;0;0;0;0
604876072984693_764621523676813;Com a Consulta Nacional de Protesto nunca foi tão fácil descobrir se uma pessoa física ou jurídica está protestada. Consulte em www.protestors.com.br ou baixe o aplicativo Pesquisa de Protesto.;giphy.com;link;http://giphy.com/gifs/26ybwEjofIgCLllK0;2016-11-09;13:53:23;153;0;5;149;2;0;2;0;0;0
604876072984693_764038663735099;Se você possui um grande volume de títulos ou documentos de dívida e clientes em diversos municípios do Rio Grande do Sul, a Central de Remessa de Arquivos (CRA) é a opção mais vantajosa para protestar. Mas, se os clientes residem no mesmo município da sua empresa, apresente os títulos ou documentos de dívida diretamente no Cartório de Protesto.;Timeline Photos;photo;https://www.facebook.com/protestors/photos/a.606037049535262.1073741828.604876072984693/764038663735099/?type=3;2016-11-08;13:33:46;7;0;1;7;0;0;0;0;0;0
604876072984693_761045490701083;Com o protesto, você só tem motivo para comemorar! Mais de 65% das dívidas encaminhadas para protesto são resolvidas em até 3 dias úteis. Acesse www.protestors.com.br e saiba mais.;giphy.com;link;https://giphy.com/gifs/l0MYzW1qn1tAz7wu4;2016-11-04;06:58:00;291;0;7;282;0;0;9;0;0;0
604876072984693_761033597368939;Com a Central de Remessa de Arquivos (CRA), o único interlocutor entre você e os Cartórios de Protesto do Rio Grande do Sul é o IEPRO–RS, que disponibiliza uma equipe para solucionar qualquer pendência com eficiência e rapidez.;Timeline Photos;photo;https://www.facebook.com/protestors/photos/a.606037049535262.1073741828.604876072984693/761033597368939/?type=3;2016-11-03;08:12:42;10;0;3;10;0;0;0;0;0;0
604876072984693_759526264186339;Médicos, dentistas, advogados, contadores, arquitetos e outros profissionais liberais podem utilizar o protesto para recuperar créditos. Procure o Cartório do seu município com a conta de prestação de serviços, inicie o protesto e garante a saúde financeira do seu negócio. Conheça mais em www.protestors.com.br.;Timeline Photos;photo;https://www.facebook.com/protestors/photos/a.606037049535262.1073741828.604876072984693/759526264186339/?type=3;2016-11-01;08:02:01;19;0;2;19;0;0;0;0;0;0
604876072984693_757700307702268;Três dias de muito aprendizado para qualificar cada vez mais o protesto no Rio Grande do Sul. Obrigado Paulo, Jerfeson e P21 Sistemas!;Timeline Photos;photo;https://www.facebook.com/protestors/photos/a.606037049535262.1073741828.604876072984693/757700307702268/?type=3;2016-10-28;13:47:33;17;0;2;15;2;0;0;0;0;0
604876072984693_757561714382794;O mês está fechando no vermelho? Acabe com esse problema e garanta a saúde financeira do seu negócio. Cobre os seus devedores através do protesto! Mais de 65% das dívidas encaminhadas para protesto são recuperadas em até três dias úteis. Saiba mais em www.protestors.com.br.;Timeline Photos;photo;https://www.facebook.com/protestors/photos/a.606037049535262.1073741828.604876072984693/757561714382794/?type=3;2016-10-28;08:41:24;36;0;4;36;0;0;0;0;0;0
604876072984693_756047974534168;Para realizar o protesto é necessário apresentar o título ou documento de dívida no Cartório em que o devedor reside ou está instalado. Por isso, é fundamental manter atualizado os endereços dos seus clientes.;Timeline Photos;photo;https://www.facebook.com/protestors/photos/a.606037049535262.1073741828.604876072984693/756047974534168/?type=3;2016-10-25;12:31:10;5;0;4;5;0;0;0;0;0;0
604876072984693_752933614845604;Não confunda protesto e negativação. A negativação consiste na inclusão do devedor nos bancos de dados privados e não garante direitos ao credor. Já o protesto é um instrumento previsto em lei para comprovar com fé pública a existência de uma dívida, garantindo os direitos ao consumidor. Quando o assunto é cobrança de dívidas, o protesto é o grande campeão!;Timeline Photos;photo;https://www.facebook.com/protestors/photos/a.606037049535262.1073741828.604876072984693/752933614845604/?type=3;2016-10-20;07:13:52;9;0;1;9;0;0;0;0;0;0
604876072984693_752475788224720;Quarta-feira de mobilização pela prevenção e conscientização do câncer de mama. Faça regularmente o autoexame. Cuidar de si é um ato de amor! #OutubroRosa #mulherconsciente #câncerdemama;Timeline Photos;photo;https://www.facebook.com/protestors/photos/a.606037049535262.1073741828.604876072984693/752475788224720/?type=3;2016-10-19;12:09:49;27;0;7;26;1;0;0;0;0;0
604876072984693_751702848302014;Quando o contribuinte deixa de pagar um tributo municipal, ele se torna devedor e é gerada uma Certidão da Dívida Ativa (CDA). A CDA pode ser protestada gratuitamente pelas Prefeituras através da Central de Remessa de Arquivos. Cobre da sua Prefeitura a adesão ao sistema e ajude sua cidade a recuperar recursos que podem ser investidos para melhorar a vida de todos!;Timeline Photos;photo;https://www.facebook.com/protestors/photos/a.606037049535262.1073741828.604876072984693/751702848302014/?type=3;2016-10-18;08:14:21;7;0;3;7;0;0;0;0;0;0
604876072984693_749337345205231;Pare de correr atrás de quem te deve! O protesto é a maneira mais eficiente para cobrar e receber uma dívida. Mais de 65% dos títulos e documentos encaminhados para protesto são resolvidos em até 3 dias úteis. Saiba mais em www.protestors.com.br.;giphy.com;link;https://giphy.com/gifs/l0HlAzuJqzZUxNIBi;2016-10-14;07:27:50;417;0;19;411;1;2;3;0;0;0
604876072984693_748806925258273;Rio Grande do Sul aderindo cada vez mais ao protesto!;Timeline Photos;photo;https://www.facebook.com/protestors/photos/a.606037049535262.1073741828.604876072984693/748806925258273/?type=3;2016-10-13;11:54:28;15;0;1;15;0;0;0;0;0;0
604876072984693_745723362233296;Receba em pouquíssimo tempo aquela dívida antiga! Com o protesto, mais de 65% das dívidas são solucionadas em até três dias úteis.;giphy.com;link;https://giphy.com/gifs/l3vRjirXABbTdKWhW;2016-10-07;13:41:14;327;4;12;315;4;0;7;1;0;0
604876072984693_744675205671445;Começando a assembleia geral extraordinária do IEPRO-RS para deliberar temas importantes para o futuro dos Cartórios de Protesto.;Timeline Photos;photo;https://www.facebook.com/protestors/photos/a.606037049535262.1073741828.604876072984693/744675205671445/?type=3;2016-10-05;12:32:22;13;0;0;13;0;0;0;0;0;0
604876072984693_743529625786003;Se você receber um telefonema ou e-mail informando sobre um título ou documento protestado em seu nome e oferecendo a oportunidade de negociar através de depósito ou transferência, fique atento: é golpe. Para sua segurança, entre em contato com o Cartório de Protesto do seu município.;Timeline Photos;photo;https://www.facebook.com/protestors/photos/a.606037049535262.1073741828.604876072984693/743529625786003/?type=3;2016-10-03;09:14:23;8;0;2;8;0;0;0;0;0;0
604876072984693_741496539322645;A Central de Remessas de Arquivos (CRA) abrange os 291 Cartórios de Protesto do Rio Grande do Sul alcançando todos os 497 municípios gaúchos. Você pode enviar títulos e documentos de dívida para protesto de qualquer ponto do estado sem sair de casa. Entre em contato e saiba como firmar convênio para aproveitar todas as facilidades proporcionadas pela CRA.;Timeline Photos;photo;https://www.facebook.com/protestors/photos/a.606037049535262.1073741828.604876072984693/741496539322645/?type=3;2016-09-29;17:23:00;14;0;2;14;0;0;0;0;0;0
604876072984693_740548362750796;O final de semana foi de muita interação e troca de experiências para nossa equipe em Brasília. Na Convergência P21 pudemos conhecer a realidade de CRAs de outros estados, ver novas práticas e aperfeiçoar aspectos rotineiros para qualificar cada vez mais o atendimento aos Cartórios de Protesto, empresas e órgãos públicos.;Timeline Photos;photo;https://www.facebook.com/protestors/photos/a.606037049535262.1073741828.604876072984693/740548362750796/?type=3;2016-09-27;13:20:31;19;0;2;17;2;0;0;0;0;0
604876072984693_740045279467771;No período eleitoral não faltam candidatos fazendo promessas se forem eleitos. Com a Central de Remessa de Arquivos todas as prefeituras do estado podem protestar as dívidas municipais de forma online e gratuita com suporte integral do Instituto de Protesto. Aproveite as eleições e cobre seu candidato a adesão ao sistema. É mais dinheiro para investimentos no cofre do seu município!;Timeline Photos;photo;https://www.facebook.com/protestors/photos/a.606037049535262.1073741828.604876072984693/740045279467771/?type=3;2016-09-26;11:31:13;176;0;6;175;1;0;0;0;0;0
604876072984693_738487122956920;O protesto tem sido um grande aliado da Procuradoria Geral da Fazenda Nacional (PGFN). De março de 2013 até abril deste ano foram enviadas cerca de 250 mil certidões de dívidas ativas para protesto, garantindo a recuperação de mais de R$ 1,4 bilhão. Confira mais detalhes:;PGFN vai recuperar R$ 1,5 bi aos cofres públicos por meio do protesto extrajudicial;link;https://www.youtube.com/watch?v=qOY7zSNY_pk;2016-09-23;08:56:37;16;0;0;16;0;0;0;0;0;0
604876072984693_738171856321780;Quinta-feira de troca de experiências e conhecimentos entre Rio Grande do Sul e Pernambuco. A Gleyce e o Francis do IEPTB - Seção Pernambuco nos visitaram durante todo o dia e conheceram a nossa rotina, estrutura e os procedimentos adotados em cada setor.;Timeline Photos;photo;https://www.facebook.com/protestors/photos/a.606037049535262.1073741828.604876072984693/738171856321780/?type=3;2016-09-22;15:32:34;26;1;3;22;4;0;0;0;0;0
604876072984693_737685929703706;O Tribunal de Justiça do RS e o IEPRO-RS assinaram na tarde desta quarta-feira o convênio para o protesto de certidões de débito de custas e taxa judiciária. Mais um órgão público que passa a contar com as facilidades da Central de Remessa de Arquivos (CRA) e a eficiência do protesto para a recuperação de recursos.;Timeline Photos;photo;https://www.facebook.com/protestors/photos/a.606037049535262.1073741828.604876072984693/737685929703706/?type=3;2016-09-21;14:48:23;26;0;10;25;1;0;0;0;0;0
604876072984693_737525796386386;IEPRO-RS na mídia: a assinatura do convênio com o Tribunal de Justiça do RS é destaque na coluna + Economia do jornal Zero Hora desta quarta-feira. #clipping;Timeline Photos;photo;https://www.facebook.com/protestors/photos/a.606037049535262.1073741828.604876072984693/737525796386386/?type=3;2016-09-21;09:00:00;13;0;4;13;0;0;0;0;0;0
604876072984693_735233813282251;Temos provas e convicção que o protesto é a maneira mais eficiente para receber dívidas!;Timeline Photos;photo;https://www.facebook.com/protestors/photos/a.606037049535262.1073741828.604876072984693/735233813282251/?type=3;2016-09-16;13:57:19;15;1;4;15;0;0;0;0;0;0
604876072984693_734760189996280;Ferramenta extrajudicial, o protesto é ágil e pouco oneroso, dispensando pagamento de custas judiciais, honorário advocatícios e despesas com oficial de justiça. Em três dias úteis, mais de 65% dos títulos e documentos de dívidas encaminhados para protesto são resolvidos.;Timeline Photos;photo;https://www.facebook.com/protestors/photos/a.606037049535262.1073741828.604876072984693/734760189996280/?type=3;2016-09-15;12:49:19;10;0;2;10;0;0;0;0;0;0
604876072984693_733640440108255;"Ao receber a intimação, você tem até três dias úteis para ir ao Cartório onde o protesto foi registrado e realizar a quitação da dívida. No Cartório serão pagos o valor da dívida, os emolumentos, as custas e as demais despesas devidas ao Estado/tabelião.
Durante esse período de três dias úteis, o protesto ainda não foi efetivado. Mas se você não procurar o Cartório para quitar a dívida dentro deste prazo, o protesto terá início.";Timeline Photos;photo;https://www.facebook.com/protestors/photos/a.606037049535262.1073741828.604876072984693/733640440108255/?type=3;2016-09-13;09:07:00;16;0;9;16;0;0;0;0;0;0
604876072984693_731290623676570;Alugou seu imóvel e o inquilino não está pagando em dia? Reúna todos os documentos que comprovem a dívida e vá até o Cartório de Protesto mais próximo.;Timeline Photos;photo;https://www.facebook.com/protestors/photos/a.606037049535262.1073741828.604876072984693/731290623676570/?type=3;2016-09-08;13:12:02;10;0;4;10;0;0;0;0;0;0
604876072984693_727946557344310;Um título ou documento de dívida protestado pode ser o indício de que a pessoa enfrenta dificuldade para manter em dia seus pagamentos. Baixe o aplicativo Pesquisa de Protesto ou acesse www.ieptb.com.br. Não é necessário cadastrar, criar perfil e nem senha. Basta inserir CPF ou CNPJ, selecionar o estado em que a consulta deverá ser feita e o resultado aparecerá na tela. É fácil, rápido e gratuito!;Timeline Photos;photo;https://www.facebook.com/protestors/photos/a.606037049535262.1073741828.604876072984693/727946557344310/?type=3;2016-09-01;11:33:08;10;0;2;10;0;0;0;0;0;0
604876072984693_726441174161515;A 14ª edição do Convergência foi demais! Durante três dias tivemos a oportunidade de expandir e atualizar nossos conhecimentos, trocar experiências com representantes de todos os estados brasileiros e ainda trazer para casa o prêmio Toscano de Brito de melhor CRA do Brasil.;14º Convergência - 24, 25 e 26 de agosto - Balneário Camboriú;photo;https://www.facebook.com/protestors/photos/a.726440587494907.1073741832.604876072984693/726441174161515/?type=3;2016-08-29;12:23:04;23;0;3;22;1;0;0;0;0;0
604876072984693_724667414338891;A melhor CRA do Brasil! Nesta quinta-feira recebemos a premiação de melhor CRA do país. Uma conquista que só foi possível devido ao esforço e dedicação de toda nossa equipe!;Timeline Photos;photo;https://www.facebook.com/protestors/photos/a.606037049535262.1073741828.604876072984693/724667414338891/?type=3;2016-08-26;08:54:35;31;4;2;28;3;0;0;0;0;0
604876072984693_724310391041260;Rio Grande do Sul marcando presença na 14º edição do Convergência em Balneário Camboriú.;Timeline Photos;photo;https://www.facebook.com/protestors/photos/a.606037049535262.1073741828.604876072984693/724310391041260/?type=3;2016-08-25;14:32:49;26;0;0;26;0;0;0;0;0;0
604876072984693_723178074487825;"O protesto é a maneira mais ágil e eficiente para receber uma dívida. A Procuradoria-Geral da Fazenda Nacional já recuperou mais de R$ 1,4 bilhão com a cobrança através do protesto em pouco mais de três anos. 

Confira mais detalhes em http://migre.me/uKhAl";Timeline Photos;photo;https://www.facebook.com/protestors/photos/a.606037049535262.1073741828.604876072984693/723178074487825/?type=3;2016-08-23;12:28:00;12;0;1;12;0;0;0;0;0;0
604876072984693_723140451158254;Erechim sediou nos dias 19 e 20 de agosto o 1° Encontro Notarial e Registral do Norte do RS. Em conjunto com o Colégio Notarial e o Colégio Registral, o IEPRO-RS foi realizador do evento que contou com a presença de 200 pessoas de cerca de 40 municípios. O Instituto de Protesto foi responsável pelo credenciamento dos participantes, com a impressão digital dos crachás com foto, e participou de paineis que abordaram a atuação, os avanços e os serviços realizados.;1° Encontro Notarial e Registral do Norte do RS;photo;https://www.facebook.com/protestors/photos/a.723140434491589.1073741831.604876072984693/723140451158254/?type=3;2016-08-23;08:27:19;11;1;0;11;0;0;0;0;0;0
604876072984693_722807697858196;;Cartórios de Protesto SC;photo;https://www.facebook.com/protestosc/photos/a.112261615862739.1073741828.108315616257339/175576489531251/?type=3;2016-08-22;15:38:03;7;0;0;7;0;0;0;0;0;0
604876072984693_721684777970488;A CNP (Central Nacional de Protesto) e o Cancelamento Eletrônico são os temas abordados pelo IEPRO na manhã deste sábado no 1° Encontro Notarial e Registral da Região Norte do RS.;Timeline Photos;photo;https://www.facebook.com/protestors/photos/a.606037049535262.1073741828.604876072984693/721684777970488/?type=3;2016-08-20;08:27:40;17;0;2;16;1;0;0;0;0;0
604876072984693_721386261333673;A trajetória, os avanços e as perspectivas do IEPRO sendo apresentadas neste momento no 1° Encontro Notarial e Registral do Norte do RS.;Timeline Photos;photo;https://www.facebook.com/protestors/photos/a.606037049535262.1073741828.604876072984693/721386261333673/?type=3;2016-08-19;15:45:25;15;0;1;15;0;0;0;0;0;0
604876072984693_721311354674497;Começando o 1° Encontro Notarial e Registral da Região Norte do RS com credenciamento eletrônico realizado pela nossa equipe.;Timeline Photos;photo;https://www.facebook.com/protestors/photos/a.606037049535262.1073741828.604876072984693/721311354674497/?type=3;2016-08-19;12:16:19;20;0;2;20;0;0;0;0;0;0
604876072984693_717461801726119;Garanta sua presença na 14ª Convergência! Acesse www.convergenciasc2016.com.br, confira a programação e faça sua inscrição para participar do encontro nacional dos Cartórios de Protesto em Balneário Camboriú de 24 a 26 de agosto.;Timeline Photos;photo;https://www.facebook.com/protestors/photos/a.606037049535262.1073741828.604876072984693/717461801726119/?type=3;2016-08-15;09:34:00;7;0;2;7;0;0;0;0;0;0
604876072984693_718098854995747;O Dia dos Pais é só no domingo, mas aqui no IEPRO os papais já ganharam seus presentes!;Timeline Photos;photo;https://www.facebook.com/protestors/photos/a.606037049535262.1073741828.604876072984693/718098854995747/?type=3;2016-08-12;13:49:42;16;1;0;16;0;0;0;0;0;0
604876072984693_717462008392765;Não fique por aí caçando seus devedores! Proteste! Mais de 65% dos títulos encaminhados para protesto são solucionados em até 3 dias úteis. Conheça mais em www.protestors.com.br.;Timeline Photos;photo;https://www.facebook.com/protestors/photos/a.606037049535262.1073741828.604876072984693/717462008392765/?type=3;2016-08-12;08:58:00;23;1;2;22;1;0;0;0;0;0
604876072984693_717459138393052;Está terminando o prazo para garantir seu lugar no ônibus do IEPRO – RS para a 14ª Convergência. Não perca mais tempo!;Timeline Photos;photo;https://www.facebook.com/protestors/photos/a.606037049535262.1073741828.604876072984693/717459138393052/?type=3;2016-08-11;09:24:00;9;0;1;9;0;0;0;0;0;0
604876072984693_717187708420195;Motivos não faltam para participar da 14º Convergência! Faça já sua inscrição em convergenciasc2016.com.br.;Timeline Photos;photo;https://www.facebook.com/protestors/photos/a.606037049535262.1073741828.604876072984693/717187708420195/?type=3;2016-08-10;15:22:39;6;1;1;6;0;0;0;0;0;0
604876072984693_716659708472995;Xangri-Lá sediou no dia 30 de julho a primeira edição do Encontro de Cartórios de Protesto do Litoral Norte do RS. Cerca de 40 representantes de municípios da região tiveram a oportunidade para conhecer as novidades do IEPRO-RS e dialogar sobre os temas que podem melhorar o dia a dia dos tabelionatos de protesto.;1º Encontro de Cartórios de Protesto do Litoral Norte do RS;photo;https://www.facebook.com/protestors/photos/a.716659648473001.1073741830.604876072984693/716659708472995/?type=3;2016-08-09;10:03:04;15;0;0;15;0;0;0;0;0;0
604876072984693_714448952027404;Você já está no clima das Olimpíadas correndo igual ao Usain Bolt atrás dos seus devedores? Não perca mais tempo e fôlego! O protesto é a maneira mais eficiente de receber sua dívida. Saiba mais em www.protestors.com.br.;Timeline Photos;photo;https://www.facebook.com/protestors/photos/a.606037049535262.1073741828.604876072984693/714448952027404/?type=3;2016-08-05;12:15:59;10;0;2;10;0;0;0;0;0;0
604876072984693_714513898687576;;Cartórios de Protesto SC;photo;https://www.facebook.com/protestosc/photos/a.112261615862739.1073741828.108315616257339/165341523888081/?type=3;2016-08-04;14:27:08;3;0;0;3;0;0;0;0;0;0
604876072984693_714353568703609;Na manhã desta quinta-feira estamos participando do painel Tecnologia a Serviço do Fisco e do Cidadão no V SEMAAT - Seminário AIAMU de Administração Tributária Municipal.;Timeline Photos;photo;https://www.facebook.com/protestors/photos/a.606037049535262.1073741828.604876072984693/714353568703609/?type=3;2016-08-04;07:51:19;8;0;2;8;0;0;0;0;0;0
604876072984693_713953038743662;Hoje e amanhã estamos participando do V Seminário AIAMU de Administração Tributária Municipal. No nosso espaço os visitantes têm a oportunidade de conhecer mais sobre o protesto de CDA e a Central de Remessa de Arquivos (CRA).;Timeline Photos;photo;https://www.facebook.com/protestors/photos/a.606037049535262.1073741828.604876072984693/713953038743662/?type=3;2016-08-03;11:20:50;16;0;1;16;0;0;0;0;0;0
604876072984693_712972192175080;"Ainda não garantiu sua presença no Convergência 2016? Não perca mais tempo! Nós vamos disponibilizar transporte gratuito partindo de vários pontos do estado. Confirme sua presença até o dia 10 de agosto pelo e-mail convergencia2016@iepro.com.br. 

Contamos com a sua presença para representar o Rio Grande do Sul no maior encontro de tabeliães de protesto do Brasil.";Timeline Photos;photo;https://www.facebook.com/protestors/photos/a.606037049535262.1073741828.604876072984693/712972192175080/?type=3;2016-08-02;09:32:54;9;0;1;9;0;0;0;0;0;0
604876072984693_712107685594864;Começando agora em Xangri-Lá a primeira edição de encontros com os Tabelionatos de Protesto. Cerca de 40 representantes de municípios do Litoral Norte estão presentes para conhecerem as novidades do IEPRO-RS.;Timeline Photos;photo;https://www.facebook.com/protestors/photos/a.606037049535262.1073741828.604876072984693/712107685594864/?type=3;2016-07-30;09:03:35;15;0;1;15;0;0;0;0;0;0
604876072984693_705084279630538;"Tabeliães e colaboradores, agora falta pouco para o convergência 2016! Contamos com a sua presença para representar o estado do Rio Grande do Sul no maior encontro de Tabeliães de Protesto do Brasil. 

O Instituto de Protesto RS disponibilizará transporte gratuito para o evento. Os ônibus partirão de diversos pontos do Estado! Não tem desculpa para não participar!";Timeline Photos;photo;https://www.facebook.com/protestors/photos/a.606037049535262.1073741828.604876072984693/705084279630538/?type=3;2016-07-14;15:28:55;9;0;3;9;0;0;0;0;0;0
604876072984693_704616019677364;Além da praticidade, o protesto é a forma mais ágil de cobrança! Saiba mais em protestors.com.br;Timeline Photos;photo;https://www.facebook.com/protestors/photos/a.606037049535262.1073741828.604876072984693/704616019677364/?type=3;2016-07-13;13:35:04;5;0;4;5;0;0;0;0;0;0
604876072984693_699598963512403;É dia de arraial aqui no Instituto de Protesto RS!;Timeline Photos;photo;https://www.facebook.com/protestors/photos/a.606037049535262.1073741828.604876072984693/699598963512403/?type=3;2016-07-01;13:43:52;17;1;8;15;2;0;0;0;0;0
604876072984693_695753213896978;"É o protesto ajudando a recuperar dinheiro público!
Protesto o jeito mais eficiente de se cobrar uma dívida.";Protesto de CDAs possui taxa de recuperação de 19%;link;http://www.pgfn.fazenda.gov.br/noticias_carrossel/protesto-de-cdas-possui-taxa-de-recuperacao-de-19;2016-06-22;13:38:20;10;0;0;10;0;0;0;0;0;0
604876072984693_690488591090107;"Porque sexta-feira é o dia oficial da descontração!

Quer saber como cobrar uma dívida? Acesse: www.protestors.com.br";Timeline Photos;photo;https://www.facebook.com/protestors/photos/a.606037049535262.1073741828.604876072984693/690488591090107/?type=3;2016-06-10;12:45:36;334;7;60;307;3;0;24;0;0;0
604876072984693_689586911180275;"Você sabia que agora é possível consultar CPF e CNPJ gratuitamente?
Baixe o app Consulta de Protestos em sua loja de aplicativos.
Consulte cidades participantes em: protestors.com.br";Consulta Nacional de Protesto - By IEPRO;video;https://www.youtube.com/watch?v=cvSJ8eq69P8;2016-06-08;14:31:00;10;0;2;10;0;0;0;0;0;0
604876072984693_686873888118244;"Chega de correr atrás dos devedores! Vá até o Cartório de Protesto da sua cidade e descubra a maneira mais eficiente de cobrar suas dívidas.
Acesse www.protestors.com.br";Timeline Photos;photo;https://www.facebook.com/protestors/photos/a.606037049535262.1073741828.604876072984693/686873888118244/?type=3;2016-06-02;14:52:17;475;4;43;466;2;0;6;0;1;0
604876072984693_682750115197288;"A  cidade de Bento Gonçalves agora conta com a Consulta Nacional de Protestos. Na prática, a partir de agora, todo cidadão ou empresa poderá consultar de forma totalmente gratuita e online a presença ou ausência de protestos de títulos na cidade. 
Confira a matéria completa: http://www.serranossa.com.br/noticias/geral/consulta-gratuita-de-protestos-esta-disponivel-a-populao-de-bento-gonalves";Timeline Photos;photo;https://www.facebook.com/protestors/photos/a.606037049535262.1073741828.604876072984693/682750115197288/?type=3;2016-05-23;15:18:51;9;0;2;9;0;0;0;0;0;0
604876072984693_671117773027189;;Timeline Photos;photo;https://www.facebook.com/protestors/photos/a.606037049535262.1073741828.604876072984693/671117773027189/?type=3;2016-05-12;09:40:00;8;0;1;8;0;0;0;0;0;0
604876072984693_671121609693472;Do Oiapoque ao Chuí: todos os Estados contam com Institutos de Estudos de Protestos. É um esforço conjunto liderado pelo IEPTB para facilitar a vida de todo mundo e melhorar os processos de cobranças de dívidas!;Timeline Photos;photo;https://www.facebook.com/protestors/photos/a.606037049535262.1073741828.604876072984693/671121609693472/?type=3;2016-05-10;09:54:00;8;0;2;8;0;0;0;0;0;0
604876072984693_671110986361201;Além da praticidade, o protesto é a forma mais ágil de cobrança! Conheça mais em -> protestors.com.br;Timeline Photos;photo;https://www.facebook.com/protestors/photos/a.606037049535262.1073741828.604876072984693/671110986361201/?type=3;2016-05-05;14:19:08;11;0;2;11;0;0;0;0;0;0
604876072984693_674038009401832;A Central de Remessa de Arquivos é um dos gerenciamentos do IEPRO RS. Assista e conheça nossa estrutura!;A Conhecendo a CRA - Instituto de Esudos Protestos do RS;video;https://www.youtube.com/watch?v=75guri7bevc&feature=youtu.be;2016-05-03;12:01:42;16;0;17;16;0;0;0;0;0;0
604876072984693_671111069694526;Fácil, rápido e para todos! Saiba mais em www.protestors.com.br;Timeline Photos;photo;https://www.facebook.com/protestors/photos/a.606037049535262.1073741828.604876072984693/671111069694526/?type=3;2016-04-28;14:00:00;11;0;0;11;0;0;0;0;0;0
604876072984693_671111979694435;"Conheça a Consulta Nacional de Protesto, ferramenta que permite consultar de forma totalmente gratuita a base nacional de protestos.  

Ficou curioso? Acesse -> protestors.com.br e conheça as cidades participantes!";Consulta Nacional de Protesto - IEPRO;video;https://www.youtube.com/watch?v=9HgW4Qt-kGE;2016-04-26;15:00:00;6;0;9;6;0;0;0;0;0;0
604876072984693_667827643356202;APLAUDIDO DE PÉ! Clóvis de Barros Filho, convidado do IEPRO RS, deu uma verdadeira aula de ética no X Encontro Notarial e Registral do RS, neste último sábado, em Canela. Só podemos agradecer pelas lições e pela simpatia!;Timeline Photos;photo;https://www.facebook.com/protestors/photos/a.606037049535262.1073741828.604876072984693/667827643356202/?type=3;2016-04-18;13:30:26;13;0;1;13;0;0;0;0;0;0
604876072984693_666586240147009;IEPRO RS é presença confirmada no 10° Encontro Notarial e Registral do RS em Canela!;Timeline Photos;photo;https://www.facebook.com/protestors/photos/a.606037049535262.1073741828.604876072984693/666586240147009/?type=3;2016-04-15;15:32:40;10;0;0;10;0;0;0;0;0;0
604876072984693_666575740148059;A palestra de Clóvis de Barros Filho, referência brasileira no campo da ética, ganhou destaque no Jornal do Comércio de hoje! Clóvis é nosso convidado pada o Encontro Notarial e Registral do RS, em Canela, neste sábado!;Timeline Photos;photo;https://www.facebook.com/protestors/photos/a.606037049535262.1073741828.604876072984693/666575740148059/?type=3;2016-04-15;15:05:40;2;0;0;2;0;0;0;0;0;0
604876072984693_647048875434079;É com um imenso prazer e com a sensação de missão cumprida que nos despedimos da Festa Nacional da Uva. Foram 18 dias em que o Protesto foi o grande protagonista. Um muitíssimo obrigado a toda equipe e parceiros que fizeram deste evento um sucesso!;Timeline Photos;photo;https://www.facebook.com/protestors/photos/a.606037049535262.1073741828.604876072984693/647048875434079/?type=3;2016-03-07;15:24:09;10;0;2;10;0;0;0;0;0;0
604876072984693_647021478770152;Lançamento da Consulta Nacional de Protestos na Festa Nacional Da Uva - Caxias Do Sul é um dos destaques da coluna do jornalista Affonso Ritter, no Jornal do Comércio. Quer entender melhor sobre essa ferramenta gratuita? Acesse: www.protestors.com.br;Photos from Cartórios de Protesto RS's post;photo;https://www.facebook.com/protestors/photos/a.606037049535262.1073741828.604876072984693/647018908770409/?type=3;2016-03-07;13:14:02;12;1;4;12;0;0;0;0;0;0
604876072984693_644917108980589;Estande do IEPRO RS é notícia no programa Gaúcha Hoje desta manhã. Confira o audio em: https://soundcloud.com/rodrigo-santanna-379607201/iepro-radio-gaucha-serra-gaucha-hoje;IEPRO - Radio Gaucha Serra - Gaucha Hoje;link;https://soundcloud.com/rodrigo-santanna-379607201/iepro-radio-gaucha-serra-gaucha-hoje;2016-03-01;15:59:37;17;0;11;17;0;0;0;0;0;0
604876072984693_640977862707847;Instituto de Protestos movimentando a Festa Nacional da Uva. Vem pra cá!!!;Timeline Photos;photo;https://www.facebook.com/protestors/photos/a.606037049535262.1073741828.604876072984693/640977862707847/?type=3;2016-02-20;11:56:58;10;0;1;10;0;0;0;0;0;0
604876072984693_640627786076188;O IEPRO RS é presença confirmada na Festa Nacional da Uva! Venha conferir nosso estande e conhecer a CNP - Consulta Nacional de Protestos.;Timeline Photos;photo;https://www.facebook.com/protestors/photos/a.606037049535262.1073741828.604876072984693/640627786076188/?type=3;2016-02-19;12:52:35;13;0;5;13;0;0;0;0;0;0
604876072984693_630046290467671;Você imagina que o serviço de protesto pode ser utilizado apenas por empresas? Nada disso, todas as pessoas, físicas ou jurídicas, podem utilizar o protesto para cobrar uma dívida de forma simples, segura e eficiente.;Timeline Photos;photo;https://www.facebook.com/protestors/photos/a.606037049535262.1073741828.604876072984693/630046290467671/?type=3;2016-01-22;07:35:11;4;0;3;4;0;0;0;0;0;0
604876072984693_627393204066313;"Com organização e comprometimento não há desafio que não possa ser cumprido! 

Um ótimo final de semana para todos :)";Timeline Photos;photo;https://www.facebook.com/protestors/photos/a.606037049535262.1073741828.604876072984693/627393204066313/?type=3;2016-01-15;11:36:40;4;0;3;4;0;0;0;0;0;0
604876072984693_623619474443686;"O ano chegou ao fim, mas muita gente ainda não tem ideia do que fazer diferente para ter um ano melhor do ponto de vista financeiro. Ter uma planilha de orçamento e fazer o possível para respeitar esse planejamento é uma promessa que deve sair do papel por quem está atrás de tranquilidade financeira.

Baixe aqui uma planilha modelo e comece a se organizar: https://goo.gl/4NAKQ1";Timeline Photos;photo;https://www.facebook.com/protestors/photos/a.606037049535262.1073741828.604876072984693/623619474443686/?type=3;2016-01-04;13:05:36;118;0;3;118;0;0;0;0;0;0
604876072984693_616099821862318;Fazenda assina termo de cooperação técnica com o Instituto de Estudos e Protestos do RS para executar a cobrança extrajudicial todo e qualquer crédito tributário inscrito em dívida ativa;Devedor de imposto estará sujeito a protesto a partir de janeiro;link;http://www.rs.gov.br/conteudo/230918/devedor-de-imposto-estara-sujeito-a-protesto-a-partir-de-janeiro;2015-12-16;12:19:59;5;0;2;5;0;0;0;0;0;0
604876072984693_615806388558328;"No início da tarde de hoje nos reunimos com a Secretaria da Fazenda do Rio Grande do Sul (SEFAZ) para assinar o  convênio que permitirá o protesto de impostos estaduais como IPVA e de ITCD. A medida tem como objetivo de ampliar a eficiência na cobrança dos créditos tributários e evitar o acúmulo de processos de execução fiscal na Justiça.

Veja mais em: http://goo.gl/C8pGQm";Photos from Cartórios de Protesto RS's post;photo;https://www.facebook.com/protestors/photos/a.606037049535262.1073741828.604876072984693/615804708558496/?type=3;2015-12-15;14:10:01;5;0;0;5;0;0;0;0;0;0
604876072984693_614587832013517;"Com o objetivo de desafogar o número de processos na Justiça do Amazonas e facilitar a recuperação do crédito de devedores de custas judiciais, o Tribunal de Justiça do Amazonas  e o IEPTB-AM estão organizando meios alternativos para a quitação de dívidas com a Justiça. 

Saiba mais em: http://goo.gl/zyYgYO";TJAM e IEPTB-AM implementam a ferramenta PROTESTAJUD;link;http://www.tjam.jus.br/index.php?option=com_content&view=article&id=7739%3Atjam-e-ieptb-am-implementam-a-ferramenta-protestajud&catid=33%3Act-destaque-noticias&Itemid=185;2015-12-11;13:16:47;4;0;8;4;0;0;0;0;0;0
604876072984693_613884415417192;Inovação, pesquisas e debates estão em nosso DNA!;Timeline Photos;photo;https://www.facebook.com/protestors/photos/a.606037049535262.1073741828.604876072984693/613884415417192/?type=3;2015-12-09;10:48:48;96;0;30;96;0;0;0;0;0;0
604876072984693_613559248783042;Protesto a solução mais eficiente para reaver uma dívida  também pode ser utilizados por órgãos públicos! Esta é uma importante ferramenta para que possamos ter resultados positivos e favoráveis ao Estado, principalmente em momentos de crise.;Timeline Photos;photo;https://www.facebook.com/protestors/photos/a.606037049535262.1073741828.604876072984693/613559248783042/?type=3;2015-12-08;08:00:45;4;0;2;4;0;0;0;0;0;0
604876072984693_611377105667923;Precisa cobrar uma dívida? Procure o cartório da sua cidade e proteste! É rápido, fácil e para todos.;Timeline Photos;photo;https://www.facebook.com/protestors/photos/a.606037049535262.1073741828.604876072984693/611377105667923/?type=3;2015-11-30;14:05:12;2;0;6;2;0;0;0;0;0;0
604876072984693_609705879168379;"Qualquer documento que demonstre a existência de uma dívida em dinheiro pode ser protestado, caso a dívida já esteja vencida e não tenha sido paga. 

Procure o cartório da sua cidade e proteste! É rápido, fácil e para todos.";Timeline Photos;photo;https://www.facebook.com/protestors/photos/a.606037049535262.1073741828.604876072984693/609705879168379/?type=3;2015-11-24;14:24:35;5;0;0;5;0;0;0;0;0;0
604876072984693_608079172664383;Fique por dentro do mundo dos protestos com o IEPRO RS!;Timeline Photos;photo;https://www.facebook.com/protestors/photos/a.606037049535262.1073741828.604876072984693/608079172664383/?type=3;2015-11-18;12:17:31;5;0;2;5;0;0;0;0;0;0
604876072984693_606200999518867;"Sim, mas nesse caso você deve declarar no verso do documento a importância já recebida e solicitar o protesto pelo saldo devedor.

Saiba mais em: iepro.com.br";Timeline Photos;photo;https://www.facebook.com/protestors/photos/a.606037049535262.1073741828.604876072984693/606200999518867/?type=3;2015-11-11;11:07:00;8;0;5;8;0;0;0;0;0;0
604876072984693_606198309519136;"Na tarde da última terça-feira nos reunimos com a PGE (Procuradoria Geral do Estado) para assinar o termo de cooperação técnica que permitirá o protesto de certidões de dívida ativa do Estado (CDA) e de títulos executivos emitidos pelo Tribunal de Contas do Estado (TCE).

Estamos muito empolgados com essa parceria!
Saiba mais em: http://goo.gl/Pkvb3n";Photos from Cartórios de Protesto RS's post;photo;https://www.facebook.com/protestors/photos/a.606037049535262.1073741828.604876072984693/606196872852613/?type=3;2015-11-11;06:38:08;10;1;7;10;0;0;0;0;0;0
